txn_id,user_id,merchant_id,gateway,amount,status,created_at
T1,U1,M1,Razorpay,500,SUCCESS,"2024-01-01 10:00:00"
T2,U2,M1,Stripe,1200,FAILED,"2024-01-01 10:05:00"
T3,U3,M2,Razorpay,700,FAILED,"2024-01-01 11:00:00"
T4,U1,M2,PayU,300,SUCCESS,"2024-01-01 11:15:00"
T5,U4,M3,Stripe,1500,FAILED,"2024-01-01 12:00:00"
T6,U2,M1,Razorpay,200,SUCCESS,"2024-01-01 12:30:00"
T7,U5,M3,PayU,900,FAILED,"2024-01-01 13:00:00"
T8,U3,M2,Razorpay,400,SUCCESS,"2024-01-01 13:30:00"
T9,U6,M4,Stripe,1100,FAILED,"2024-01-01 14:00:00"
T10,U1,M1,Razorpay,600,FAILED,"2024-01-01 14:30:00"
T91,U5,M6,Stripe,1083,SUCCESS,"2026-03-27 12:46:07"
T92,U36,M2,PayU,428,SUCCESS,"2026-03-27 05:46:07"
T93,U5,M7,Razorpay,1358,SUCCESS,"2026-03-26 17:46:07"
T94,U48,M3,Razorpay,1746,SUCCESS,"2026-03-27 06:46:07"
T95,U13,M6,Razorpay,1105,SUCCESS,"2026-03-27 10:46:07"
T96,U13,M8,Razorpay,1990,SUCCESS,"2026-03-28 01:46:07"
T97,U2,M7,Razorpay,556,SUCCESS,"2026-03-27 19:46:07"
T98,U17,M7,Stripe,1180,SUCCESS,"2026-03-26 10:46:07"
T99,U28,M9,Stripe,1272,SUCCESS,"2026-03-26 18:46:07"
T100,U1,M6,PayU,2078,FAILED,"2026-03-26 18:46:07"
T81,U43,M8,Stripe,1613,SUCCESS,"2026-03-28 01:46:07"
T82,U22,M7,PayU,1708,FAILED,"2026-03-26 16:46:07"
T83,U40,M4,Stripe,1503,SUCCESS,"2026-03-27 23:46:07"
T84,U37,M10,PayU,1467,SUCCESS,"2026-03-28 04:46:07"
T85,U46,M2,Razorpay,695,FAILED,"2026-03-28 07:46:07"
T86,U14,M2,Razorpay,364,SUCCESS,"2026-03-26 18:46:07"
T87,U21,M6,PayU,1583,SUCCESS,"2026-03-26 20:46:07"
T88,U5,M2,Razorpay,623,SUCCESS,"2026-03-26 15:46:07"
T89,U24,M7,PayU,1099,FAILED,"2026-03-27 07:46:07"
T90,U15,M9,Stripe,726,SUCCESS,"2026-03-27 20:46:07"
T71,U3,M4,PayU,1822,FAILED,"2026-03-26 15:46:07"
T72,U39,M2,Stripe,1264,SUCCESS,"2026-03-26 17:46:07"
T73,U3,M8,Stripe,1659,SUCCESS,"2026-03-28 09:46:07"
T74,U43,M2,Stripe,681,SUCCESS,"2026-03-26 13:46:07"
T75,U28,M10,Razorpay,224,SUCCESS,"2026-03-27 11:46:07"
T76,U8,M4,Razorpay,1675,SUCCESS,"2026-03-28 03:46:07"
T77,U8,M4,Stripe,170,FAILED,"2026-03-27 21:46:07"
T78,U34,M6,PayU,511,SUCCESS,"2026-03-26 13:46:07"
T79,U26,M8,Razorpay,1021,FAILED,"2026-03-27 23:46:07"
T80,U17,M1,Razorpay,1462,FAILED,"2026-03-27 03:46:07"
T61,U19,M10,Stripe,135,SUCCESS,"2026-03-26 12:46:07"
T62,U25,M7,PayU,202,FAILED,"2026-03-28 07:46:07"
T63,U38,M6,Stripe,1200,FAILED,"2026-03-27 23:46:07"
T64,U40,M3,PayU,125,SUCCESS,"2026-03-26 16:46:07"
T65,U40,M4,Stripe,1060,FAILED,"2026-03-27 02:46:07"
T66,U44,M4,PayU,122,SUCCESS,"2026-03-27 16:46:07"
T67,U31,M10,PayU,1224,SUCCESS,"2026-03-28 00:46:07"
T68,U24,M8,Stripe,426,SUCCESS,"2026-03-28 09:46:07"
T69,U6,M6,Stripe,347,SUCCESS,"2026-03-27 07:46:07"
T70,U1,M4,PayU,422,SUCCESS,"2026-03-27 01:46:07"
T51,U37,M6,Stripe,1179,FAILED,"2026-03-28 01:46:07"
T52,U32,M6,Razorpay,1322,FAILED,"2026-03-27 20:46:07"
T53,U49,M1,Razorpay,1407,FAILED,"2026-03-27 19:46:07"
T54,U47,M8,PayU,1441,SUCCESS,"2026-03-26 12:46:07"
T55,U29,M10,Razorpay,1499,SUCCESS,"2026-03-27 02:46:07"
T56,U44,M4,Razorpay,1746,SUCCESS,"2026-03-27 14:46:07"
T57,U18,M5,Stripe,1298,FAILED,"2026-03-26 12:46:07"
T58,U27,M8,Stripe,1227,SUCCESS,"2026-03-27 09:46:07"
T59,U34,M8,PayU,1430,FAILED,"2026-03-26 16:46:07"
T60,U20,M4,Stripe,1399,SUCCESS,"2026-03-27 18:46:07"
T41,U33,M3,Stripe,1098,SUCCESS,"2026-03-26 13:46:07"
T42,U19,M1,Razorpay,1037,FAILED,"2026-03-27 08:46:07"
T43,U36,M10,Stripe,961,SUCCESS,"2026-03-27 08:46:07"
T44,U10,M4,PayU,2029,FAILED,"2026-03-27 05:46:07"
T45,U12,M5,Stripe,1773,FAILED,"2026-03-28 06:46:07"
T46,U30,M8,PayU,552,SUCCESS,"2026-03-26 21:46:07"
T47,U16,M3,Stripe,660,SUCCESS,"2026-03-26 13:46:07"
T48,U10,M2,Razorpay,2077,SUCCESS,"2026-03-27 01:46:07"
T49,U10,M10,Razorpay,863,FAILED,"2026-03-26 10:46:07"
T50,U23,M4,Razorpay,501,SUCCESS,"2026-03-26 13:46:07"
T31,U38,M10,Stripe,280,SUCCESS,"2026-03-27 13:46:07"
T32,U8,M5,PayU,702,SUCCESS,"2026-03-26 17:46:07"
T33,U7,M2,Razorpay,2078,SUCCESS,"2026-03-27 04:46:07"
T34,U36,M8,Stripe,1411,SUCCESS,"2026-03-26 21:46:07"
T35,U6,M4,Stripe,1774,SUCCESS,"2026-03-26 20:46:07"
T36,U39,M5,Razorpay,1702,FAILED,"2026-03-28 09:46:07"
T37,U19,M9,Razorpay,1581,FAILED,"2026-03-28 04:46:07"
T38,U50,M7,Razorpay,1820,FAILED,"2026-03-27 01:46:07"
T39,U44,M4,PayU,1852,SUCCESS,"2026-03-26 20:46:07"
T40,U22,M8,PayU,539,FAILED,"2026-03-26 10:46:07"
T21,U8,M8,Stripe,1535,SUCCESS,"2026-03-26 23:46:07"
T22,U26,M4,Razorpay,2001,SUCCESS,"2026-03-26 10:46:07"
T23,U22,M2,Stripe,1094,SUCCESS,"2026-03-26 16:46:07"
T24,U14,M8,PayU,1343,SUCCESS,"2026-03-28 08:46:07"
T25,U32,M1,Stripe,575,SUCCESS,"2026-03-26 20:46:07"
T26,U40,M7,PayU,1288,FAILED,"2026-03-26 19:46:07"
T27,U14,M10,PayU,1870,SUCCESS,"2026-03-27 22:46:07"
T28,U22,M5,Razorpay,1651,FAILED,"2026-03-27 08:46:07"
T29,U18,M2,Stripe,1268,SUCCESS,"2026-03-26 10:46:07"
T30,U24,M4,Stripe,1124,FAILED,"2026-03-27 21:46:07"
T11,U20,M2,Stripe,1720,SUCCESS,"2026-03-26 12:46:07"
T12,U24,M6,Stripe,194,SUCCESS,"2026-03-26 13:46:07"
T13,U50,M3,Razorpay,1288,FAILED,"2026-03-27 13:46:07"
T14,U30,M7,PayU,684,SUCCESS,"2026-03-27 17:46:07"
T15,U21,M10,Stripe,896,FAILED,"2026-03-26 20:46:07"
T16,U48,M4,Razorpay,1071,SUCCESS,"2026-03-27 03:46:07"
T17,U8,M9,Stripe,1282,SUCCESS,"2026-03-26 11:46:07"
T18,U18,M10,Stripe,1205,SUCCESS,"2026-03-27 16:46:07"
T19,U29,M9,Razorpay,369,SUCCESS,"2026-03-27 20:46:07"
T20,U12,M3,Stripe,2094,SUCCESS,"2026-03-26 20:46:07"
T1,U41,M8,Razorpay,573,SUCCESS,"2026-03-26 21:46:07"
T2,U48,M5,Stripe,704,FAILED,"2026-03-27 16:46:07"
T3,U14,M3,Stripe,140,SUCCESS,"2026-03-26 16:46:07"
T4,U7,M2,Razorpay,718,SUCCESS,"2026-03-26 14:46:07"
T5,U4,M7,PayU,960,SUCCESS,"2026-03-27 03:46:07"
T6,U23,M4,Stripe,298,SUCCESS,"2026-03-27 04:46:07"
T7,U29,M10,Razorpay,1441,SUCCESS,"2026-03-28 06:46:07"
T8,U18,M6,Stripe,2028,SUCCESS,"2026-03-26 23:46:07"
T9,U33,M1,Stripe,1770,FAILED,"2026-03-27 23:46:07"
T10,U16,M9,Razorpay,1342,SUCCESS,"2026-03-27 16:46:07"
T191,U27,M6,PayU,459,SUCCESS,"2026-03-26 15:46:07"
T192,U11,M4,Razorpay,1018,SUCCESS,"2026-03-27 02:46:07"
T193,U12,M3,Razorpay,176,SUCCESS,"2026-03-26 15:46:07"
T194,U42,M5,PayU,1607,SUCCESS,"2026-03-28 00:46:07"
T195,U4,M9,PayU,2058,SUCCESS,"2026-03-28 01:46:07"
T196,U11,M6,Razorpay,1656,SUCCESS,"2026-03-26 15:46:07"
T197,U23,M7,PayU,1558,FAILED,"2026-03-26 15:46:07"
T198,U48,M1,Stripe,1226,SUCCESS,"2026-03-28 09:46:07"
T199,U34,M4,Stripe,1962,FAILED,"2026-03-26 19:46:07"
T200,U12,M9,Razorpay,123,SUCCESS,"2026-03-28 08:46:07"
T181,U24,M3,Razorpay,1038,SUCCESS,"2026-03-27 22:46:07"
T182,U40,M3,PayU,357,SUCCESS,"2026-03-27 12:46:07"
T183,U5,M2,Stripe,786,FAILED,"2026-03-26 11:46:07"
T184,U42,M3,Stripe,819,SUCCESS,"2026-03-26 13:46:07"
T185,U32,M5,Razorpay,768,SUCCESS,"2026-03-27 00:46:07"
T186,U25,M4,Razorpay,652,SUCCESS,"2026-03-28 04:46:07"
T187,U43,M9,PayU,1816,SUCCESS,"2026-03-26 22:46:07"
T188,U48,M6,PayU,237,SUCCESS,"2026-03-27 02:46:07"
T189,U40,M10,Stripe,215,SUCCESS,"2026-03-27 07:46:07"
T190,U19,M2,PayU,150,SUCCESS,"2026-03-28 08:46:07"
T171,U3,M3,PayU,1339,SUCCESS,"2026-03-26 11:46:07"
T172,U8,M9,Stripe,1566,FAILED,"2026-03-27 04:46:07"
T173,U40,M2,Razorpay,1019,FAILED,"2026-03-26 20:46:07"
T174,U23,M9,PayU,1710,SUCCESS,"2026-03-26 21:46:07"
T175,U27,M4,Razorpay,499,SUCCESS,"2026-03-27 13:46:07"
T176,U25,M3,Stripe,1146,SUCCESS,"2026-03-26 15:46:07"
T177,U20,M3,Razorpay,1078,SUCCESS,"2026-03-27 01:46:07"
T178,U25,M4,Stripe,661,FAILED,"2026-03-26 16:46:07"
T179,U24,M8,Stripe,1577,SUCCESS,"2026-03-28 00:46:07"
T180,U26,M10,Stripe,559,FAILED,"2026-03-27 15:46:07"
T161,U25,M3,PayU,1219,SUCCESS,"2026-03-27 22:46:07"
T162,U35,M7,Stripe,1957,SUCCESS,"2026-03-27 14:46:07"
T163,U38,M5,Razorpay,448,SUCCESS,"2026-03-28 05:46:07"
T164,U48,M4,Razorpay,1427,FAILED,"2026-03-28 09:46:07"
T165,U33,M3,Razorpay,596,SUCCESS,"2026-03-27 02:46:07"
T166,U12,M3,Stripe,499,FAILED,"2026-03-26 17:46:07"
T167,U30,M4,Razorpay,1698,SUCCESS,"2026-03-27 02:46:07"
T168,U1,M2,Stripe,1302,SUCCESS,"2026-03-27 20:46:07"
T169,U36,M8,Stripe,1657,SUCCESS,"2026-03-28 07:46:07"
T170,U2,M1,Razorpay,2056,FAILED,"2026-03-27 16:46:07"
T151,U12,M1,PayU,685,SUCCESS,"2026-03-26 18:46:07"
T152,U5,M1,PayU,1320,FAILED,"2026-03-27 05:46:07"
T153,U15,M8,Stripe,414,FAILED,"2026-03-27 04:46:07"
T154,U30,M2,PayU,1115,SUCCESS,"2026-03-27 23:46:07"
T155,U25,M8,Razorpay,852,FAILED,"2026-03-27 18:46:07"
T156,U47,M7,Stripe,1383,SUCCESS,"2026-03-27 21:46:07"
T157,U21,M3,Razorpay,619,SUCCESS,"2026-03-27 21:46:07"
T158,U22,M5,PayU,1490,SUCCESS,"2026-03-27 12:46:07"
T159,U47,M3,Stripe,1998,SUCCESS,"2026-03-27 01:46:07"
T160,U4,M3,Razorpay,862,SUCCESS,"2026-03-27 02:46:07"
T141,U40,M10,Stripe,2010,SUCCESS,"2026-03-27 23:46:07"
T142,U4,M7,Razorpay,2012,SUCCESS,"2026-03-28 09:46:07"
T143,U28,M8,Razorpay,2012,SUCCESS,"2026-03-27 10:46:07"
T144,U21,M6,Stripe,714,SUCCESS,"2026-03-26 19:46:07"
T145,U37,M3,Razorpay,1131,SUCCESS,"2026-03-28 04:46:07"
T146,U21,M7,Razorpay,662,SUCCESS,"2026-03-27 10:46:07"
T147,U32,M8,PayU,1017,SUCCESS,"2026-03-28 02:46:07"
T148,U23,M8,Stripe,1626,FAILED,"2026-03-27 18:46:07"
T149,U43,M4,PayU,2031,FAILED,"2026-03-27 07:46:07"
T150,U6,M10,Razorpay,593,SUCCESS,"2026-03-27 09:46:07"
T131,U30,M5,Stripe,533,SUCCESS,"2026-03-26 12:46:07"
T132,U9,M1,Stripe,1132,SUCCESS,"2026-03-26 19:46:07"
T133,U41,M7,PayU,1608,SUCCESS,"2026-03-27 02:46:07"
T134,U25,M5,Razorpay,1456,SUCCESS,"2026-03-27 15:46:07"
T135,U4,M3,PayU,236,SUCCESS,"2026-03-28 03:46:07"
T136,U16,M2,PayU,955,FAILED,"2026-03-26 17:46:07"
T137,U36,M1,Razorpay,203,SUCCESS,"2026-03-26 23:46:07"
T138,U3,M1,Razorpay,530,SUCCESS,"2026-03-27 18:46:07"
T139,U1,M2,Stripe,312,SUCCESS,"2026-03-28 05:46:07"
T140,U10,M7,PayU,1817,FAILED,"2026-03-27 18:46:07"
T121,U37,M7,PayU,958,SUCCESS,"2026-03-26 22:46:07"
T122,U46,M4,PayU,156,FAILED,"2026-03-26 18:46:07"
T123,U39,M4,Stripe,518,SUCCESS,"2026-03-26 17:46:07"
T124,U9,M4,Razorpay,672,SUCCESS,"2026-03-27 04:46:07"
T125,U11,M3,Stripe,794,SUCCESS,"2026-03-26 22:46:07"
T126,U2,M10,Stripe,2051,SUCCESS,"2026-03-28 01:46:07"
T127,U13,M7,PayU,1114,SUCCESS,"2026-03-27 14:46:07"
T128,U44,M2,Razorpay,1618,SUCCESS,"2026-03-27 20:46:07"
T129,U16,M7,Stripe,1041,FAILED,"2026-03-26 22:46:07"
T130,U11,M9,PayU,1726,SUCCESS,"2026-03-27 03:46:07"
T111,U8,M9,PayU,586,FAILED,"2026-03-28 08:46:07"
T112,U17,M6,PayU,1879,SUCCESS,"2026-03-28 07:46:07"
T113,U13,M1,PayU,567,SUCCESS,"2026-03-27 04:46:07"
T114,U43,M5,Stripe,512,SUCCESS,"2026-03-27 20:46:07"
T115,U35,M7,PayU,342,SUCCESS,"2026-03-26 21:46:07"
T116,U46,M3,PayU,1412,SUCCESS,"2026-03-26 15:46:07"
T117,U45,M9,Stripe,193,SUCCESS,"2026-03-27 18:46:07"
T118,U27,M7,PayU,884,SUCCESS,"2026-03-28 02:46:07"
T119,U49,M5,Razorpay,900,SUCCESS,"2026-03-26 14:46:07"
T120,U35,M8,Stripe,1453,SUCCESS,"2026-03-27 20:46:07"
T101,U21,M3,PayU,1678,SUCCESS,"2026-03-26 12:46:07"
T102,U50,M1,Stripe,1698,FAILED,"2026-03-27 09:46:07"
T103,U12,M6,Razorpay,675,FAILED,"2026-03-27 19:46:07"
T104,U1,M2,Stripe,1843,SUCCESS,"2026-03-27 17:46:07"
T105,U26,M6,Razorpay,1094,FAILED,"2026-03-27 11:46:07"
T106,U48,M4,PayU,449,SUCCESS,"2026-03-27 19:46:07"
T107,U23,M4,Razorpay,789,FAILED,"2026-03-27 03:46:07"
T108,U21,M2,Stripe,318,SUCCESS,"2026-03-27 00:46:07"
T109,U24,M3,PayU,341,SUCCESS,"2026-03-26 22:46:07"
T110,U41,M9,PayU,2063,FAILED,"2026-03-27 20:46:07"
T291,U43,M4,Stripe,2045,SUCCESS,"2026-03-26 12:46:07"
T292,U3,M5,PayU,919,SUCCESS,"2026-03-26 10:46:07"
T293,U10,M10,Stripe,1655,FAILED,"2026-03-26 12:46:07"
T294,U10,M2,PayU,1329,SUCCESS,"2026-03-27 03:46:07"
T295,U46,M7,Stripe,1980,FAILED,"2026-03-26 17:46:07"
T296,U20,M5,PayU,1496,SUCCESS,"2026-03-27 16:46:07"
T297,U18,M7,Razorpay,917,SUCCESS,"2026-03-26 22:46:07"
T298,U9,M6,Stripe,178,SUCCESS,"2026-03-27 03:46:07"
T299,U36,M7,Razorpay,1257,SUCCESS,"2026-03-28 01:46:07"
T300,U10,M4,Razorpay,154,SUCCESS,"2026-03-27 17:46:07"
T281,U12,M2,PayU,201,SUCCESS,"2026-03-26 10:46:07"
T282,U4,M4,Stripe,243,SUCCESS,"2026-03-28 07:46:07"
T283,U45,M4,PayU,1621,FAILED,"2026-03-27 09:46:07"
T284,U33,M8,PayU,589,SUCCESS,"2026-03-27 03:46:07"
T285,U39,M10,Stripe,355,SUCCESS,"2026-03-26 12:46:07"
T286,U19,M1,PayU,1026,SUCCESS,"2026-03-26 21:46:07"
T287,U48,M5,Razorpay,677,SUCCESS,"2026-03-27 05:46:07"
T288,U27,M9,Stripe,713,FAILED,"2026-03-27 15:46:07"
T289,U17,M5,Stripe,1058,SUCCESS,"2026-03-26 15:46:07"
T290,U33,M7,Razorpay,942,FAILED,"2026-03-27 05:46:07"
T271,U2,M5,PayU,959,SUCCESS,"2026-03-27 09:46:07"
T272,U23,M8,Razorpay,226,SUCCESS,"2026-03-26 21:46:07"
T273,U2,M10,Stripe,816,SUCCESS,"2026-03-27 02:46:07"
T274,U32,M2,PayU,272,SUCCESS,"2026-03-27 22:46:07"
T275,U6,M9,PayU,1575,SUCCESS,"2026-03-27 11:46:07"
T276,U49,M5,Razorpay,1943,FAILED,"2026-03-27 04:46:07"
T277,U24,M5,PayU,780,FAILED,"2026-03-27 22:46:07"
T278,U33,M6,PayU,999,FAILED,"2026-03-27 09:46:07"
T279,U12,M7,Stripe,312,SUCCESS,"2026-03-27 10:46:07"
T280,U17,M2,Razorpay,970,SUCCESS,"2026-03-27 10:46:07"
T261,U48,M4,PayU,1786,FAILED,"2026-03-28 06:46:07"
T262,U32,M9,Stripe,705,SUCCESS,"2026-03-27 00:46:07"
T263,U16,M5,Razorpay,342,SUCCESS,"2026-03-27 17:46:07"
T264,U25,M4,Stripe,741,SUCCESS,"2026-03-27 05:46:07"
T265,U33,M5,Stripe,927,FAILED,"2026-03-27 00:46:07"
T266,U27,M6,Razorpay,1114,FAILED,"2026-03-27 08:46:07"
T267,U10,M4,Razorpay,1519,SUCCESS,"2026-03-27 12:46:07"
T268,U46,M3,Stripe,837,SUCCESS,"2026-03-26 15:46:07"
T269,U34,M7,Razorpay,1306,SUCCESS,"2026-03-27 11:46:07"
T270,U11,M6,Stripe,2074,FAILED,"2026-03-27 13:46:07"
T251,U25,M2,Razorpay,1700,SUCCESS,"2026-03-26 11:46:07"
T252,U3,M4,Stripe,1098,SUCCESS,"2026-03-27 09:46:07"
T253,U28,M3,Stripe,484,SUCCESS,"2026-03-27 16:46:07"
T254,U15,M4,PayU,1507,SUCCESS,"2026-03-28 08:46:07"
T255,U12,M1,Stripe,198,SUCCESS,"2026-03-27 17:46:07"
T256,U43,M3,Stripe,1931,SUCCESS,"2026-03-27 11:46:07"
T257,U12,M8,PayU,1452,SUCCESS,"2026-03-27 22:46:07"
T258,U45,M7,Stripe,422,FAILED,"2026-03-28 01:46:07"
T259,U7,M1,Razorpay,2027,SUCCESS,"2026-03-27 08:46:07"
T260,U31,M5,Stripe,1525,SUCCESS,"2026-03-27 09:46:07"
T241,U30,M4,Razorpay,1347,SUCCESS,"2026-03-27 14:46:07"
T242,U4,M1,Razorpay,314,SUCCESS,"2026-03-28 00:46:07"
T243,U46,M10,Razorpay,845,SUCCESS,"2026-03-27 12:46:07"
T244,U5,M1,Razorpay,1731,SUCCESS,"2026-03-27 03:46:07"
T245,U48,M9,Stripe,1069,SUCCESS,"2026-03-27 09:46:07"
T246,U47,M2,Razorpay,131,SUCCESS,"2026-03-27 03:46:07"
T247,U47,M8,PayU,1403,SUCCESS,"2026-03-27 04:46:07"
T248,U7,M9,PayU,128,FAILED,"2026-03-26 14:46:07"
T249,U28,M1,Stripe,636,FAILED,"2026-03-26 14:46:07"
T250,U36,M9,Razorpay,332,SUCCESS,"2026-03-27 10:46:07"
T231,U48,M3,Stripe,2068,SUCCESS,"2026-03-28 03:46:07"
T232,U4,M9,Razorpay,1681,SUCCESS,"2026-03-26 13:46:07"
T233,U23,M5,Razorpay,1504,SUCCESS,"2026-03-28 07:46:07"
T234,U50,M9,Razorpay,1486,SUCCESS,"2026-03-26 11:46:07"
T235,U30,M1,Stripe,878,SUCCESS,"2026-03-26 14:46:07"
T236,U13,M6,Razorpay,1236,SUCCESS,"2026-03-26 21:46:07"
T237,U35,M2,PayU,660,SUCCESS,"2026-03-26 15:46:07"
T238,U50,M3,Stripe,514,FAILED,"2026-03-27 10:46:07"
T239,U49,M5,Razorpay,770,SUCCESS,"2026-03-26 23:46:07"
T240,U27,M6,Razorpay,1292,FAILED,"2026-03-27 06:46:07"
T221,U15,M7,Stripe,1977,FAILED,"2026-03-27 05:46:07"
T222,U16,M9,Razorpay,556,SUCCESS,"2026-03-26 11:46:07"
T223,U33,M4,PayU,1234,SUCCESS,"2026-03-26 19:46:07"
T224,U46,M2,Razorpay,358,SUCCESS,"2026-03-26 16:46:07"
T225,U27,M2,PayU,1265,FAILED,"2026-03-26 10:46:07"
T226,U4,M4,PayU,1003,SUCCESS,"2026-03-28 03:46:07"
T227,U19,M5,Razorpay,249,SUCCESS,"2026-03-28 08:46:07"
T228,U39,M8,Stripe,993,SUCCESS,"2026-03-27 07:46:07"
T229,U50,M4,Stripe,2035,SUCCESS,"2026-03-27 04:46:07"
T230,U37,M9,Razorpay,1311,FAILED,"2026-03-26 15:46:07"
T211,U32,M5,Stripe,1440,SUCCESS,"2026-03-27 04:46:07"
T212,U37,M8,Stripe,1861,SUCCESS,"2026-03-26 15:46:07"
T213,U46,M9,PayU,1997,SUCCESS,"2026-03-28 09:46:07"
T214,U18,M8,Stripe,1366,SUCCESS,"2026-03-27 09:46:07"
T215,U6,M1,PayU,580,SUCCESS,"2026-03-28 02:46:07"
T216,U5,M10,Stripe,131,SUCCESS,"2026-03-28 09:46:07"
T217,U3,M3,PayU,651,SUCCESS,"2026-03-28 03:46:07"
T218,U25,M1,PayU,1600,SUCCESS,"2026-03-26 19:46:07"
T219,U39,M5,Razorpay,1392,SUCCESS,"2026-03-28 05:46:07"
T220,U41,M8,Stripe,313,SUCCESS,"2026-03-26 10:46:07"
T201,U38,M9,PayU,855,SUCCESS,"2026-03-26 12:46:07"
T202,U44,M5,PayU,2000,SUCCESS,"2026-03-27 05:46:07"
T203,U36,M8,Stripe,945,SUCCESS,"2026-03-27 09:46:07"
T204,U45,M10,PayU,1705,SUCCESS,"2026-03-28 09:46:07"
T205,U10,M10,Razorpay,1210,SUCCESS,"2026-03-28 00:46:07"
T206,U14,M8,Razorpay,721,SUCCESS,"2026-03-26 22:46:07"
T207,U17,M5,Razorpay,1663,SUCCESS,"2026-03-26 19:46:07"
T208,U19,M4,PayU,409,SUCCESS,"2026-03-27 14:46:07"
T209,U25,M3,PayU,838,SUCCESS,"2026-03-27 02:46:07"
T210,U9,M10,Razorpay,636,SUCCESS,"2026-03-27 08:46:07"
T391,U32,M7,Razorpay,1973,SUCCESS,"2026-03-27 21:46:07"
T392,U33,M5,Stripe,1490,SUCCESS,"2026-03-26 13:46:07"
T393,U4,M6,Stripe,1725,SUCCESS,"2026-03-27 05:46:07"
T394,U8,M10,Stripe,256,SUCCESS,"2026-03-26 21:46:07"
T395,U11,M8,Razorpay,1324,SUCCESS,"2026-03-26 20:46:07"
T396,U18,M4,PayU,342,SUCCESS,"2026-03-26 14:46:07"
T397,U18,M1,Razorpay,896,SUCCESS,"2026-03-26 17:46:07"
T398,U9,M4,Razorpay,2066,SUCCESS,"2026-03-27 05:46:07"
T399,U2,M4,PayU,476,SUCCESS,"2026-03-28 09:46:07"
T400,U7,M7,PayU,1570,SUCCESS,"2026-03-27 17:46:07"
T381,U9,M9,PayU,102,FAILED,"2026-03-27 13:46:07"
T382,U22,M10,Stripe,2073,FAILED,"2026-03-27 17:46:07"
T383,U6,M6,Stripe,1118,SUCCESS,"2026-03-27 01:46:07"
T384,U34,M4,Stripe,1882,FAILED,"2026-03-28 05:46:07"
T385,U10,M8,Razorpay,1923,SUCCESS,"2026-03-26 19:46:07"
T386,U27,M3,Stripe,1966,SUCCESS,"2026-03-26 23:46:07"
T387,U16,M4,PayU,300,SUCCESS,"2026-03-26 20:46:07"
T388,U41,M8,Razorpay,830,FAILED,"2026-03-28 02:46:07"
T389,U12,M8,PayU,670,FAILED,"2026-03-26 13:46:07"
T390,U19,M1,Razorpay,1284,SUCCESS,"2026-03-26 19:46:07"
T371,U25,M10,Stripe,1019,FAILED,"2026-03-26 16:46:07"
T372,U41,M5,Stripe,1788,SUCCESS,"2026-03-27 14:46:07"
T373,U43,M1,PayU,1841,FAILED,"2026-03-26 18:46:07"
T374,U25,M10,Razorpay,1937,SUCCESS,"2026-03-27 23:46:07"
T375,U28,M1,Stripe,2041,FAILED,"2026-03-26 12:46:07"
T376,U44,M5,PayU,415,SUCCESS,"2026-03-26 17:46:07"
T377,U11,M6,Razorpay,1662,SUCCESS,"2026-03-26 12:46:07"
T378,U38,M10,Stripe,1235,SUCCESS,"2026-03-27 23:46:07"
T379,U48,M2,Stripe,2050,FAILED,"2026-03-27 05:46:07"
T380,U14,M6,Razorpay,1702,SUCCESS,"2026-03-26 13:46:07"
T361,U32,M4,Razorpay,151,SUCCESS,"2026-03-26 10:46:07"
T362,U48,M8,PayU,1293,SUCCESS,"2026-03-27 13:46:07"
T363,U50,M7,Stripe,511,SUCCESS,"2026-03-26 22:46:07"
T364,U35,M3,Razorpay,1060,SUCCESS,"2026-03-28 02:46:07"
T365,U44,M9,Stripe,1851,FAILED,"2026-03-27 16:46:07"
T366,U43,M1,PayU,1253,FAILED,"2026-03-28 07:46:07"
T367,U22,M10,Stripe,275,SUCCESS,"2026-03-26 17:46:07"
T368,U16,M1,Stripe,1599,SUCCESS,"2026-03-27 03:46:07"
T369,U25,M6,Razorpay,1676,FAILED,"2026-03-27 13:46:07"
T370,U44,M1,PayU,2050,SUCCESS,"2026-03-27 02:46:07"
T351,U17,M7,Stripe,2050,SUCCESS,"2026-03-27 13:46:07"
T352,U7,M4,Stripe,701,SUCCESS,"2026-03-27 18:46:07"
T353,U23,M4,Razorpay,1304,SUCCESS,"2026-03-27 15:46:07"
T354,U39,M8,Stripe,2068,SUCCESS,"2026-03-26 15:46:07"
T355,U36,M10,Stripe,1977,SUCCESS,"2026-03-27 16:46:07"
T356,U34,M3,Stripe,789,SUCCESS,"2026-03-26 13:46:07"
T357,U24,M6,Stripe,1700,SUCCESS,"2026-03-26 14:46:07"
T358,U9,M1,PayU,969,SUCCESS,"2026-03-27 10:46:07"
T359,U19,M4,PayU,2078,SUCCESS,"2026-03-27 20:46:07"
T360,U5,M7,PayU,2085,SUCCESS,"2026-03-27 16:46:07"
T341,U42,M1,PayU,970,SUCCESS,"2026-03-26 13:46:07"
T342,U24,M6,Stripe,656,SUCCESS,"2026-03-27 20:46:07"
T343,U38,M9,Razorpay,1931,SUCCESS,"2026-03-27 05:46:07"
T344,U11,M3,Stripe,1789,SUCCESS,"2026-03-28 08:46:07"
T345,U1,M10,PayU,1491,SUCCESS,"2026-03-26 23:46:07"
T346,U26,M4,Stripe,1370,SUCCESS,"2026-03-26 23:46:07"
T347,U10,M9,Stripe,215,FAILED,"2026-03-26 21:46:07"
T348,U24,M1,PayU,401,SUCCESS,"2026-03-27 16:46:07"
T349,U16,M6,Stripe,765,FAILED,"2026-03-26 20:46:07"
T350,U3,M9,Razorpay,856,SUCCESS,"2026-03-27 14:46:07"
T331,U7,M5,PayU,1779,SUCCESS,"2026-03-26 14:46:07"
T332,U23,M6,Razorpay,1601,FAILED,"2026-03-27 05:46:07"
T333,U6,M8,Razorpay,2001,SUCCESS,"2026-03-26 23:46:07"
T334,U14,M3,Razorpay,962,SUCCESS,"2026-03-27 18:46:07"
T335,U3,M4,Stripe,2010,SUCCESS,"2026-03-27 16:46:07"
T336,U43,M2,Razorpay,314,SUCCESS,"2026-03-27 11:46:07"
T337,U35,M10,PayU,1204,SUCCESS,"2026-03-27 05:46:07"
T338,U40,M3,PayU,257,SUCCESS,"2026-03-27 13:46:07"
T339,U36,M4,Stripe,928,SUCCESS,"2026-03-26 13:46:07"
T340,U37,M9,Razorpay,602,SUCCESS,"2026-03-26 14:46:07"
T321,U19,M1,Razorpay,827,FAILED,"2026-03-28 02:46:07"
T322,U14,M9,Stripe,1972,SUCCESS,"2026-03-28 09:46:07"
T323,U28,M8,Razorpay,402,SUCCESS,"2026-03-28 03:46:07"
T324,U5,M1,PayU,1587,FAILED,"2026-03-26 23:46:07"
T325,U11,M10,Razorpay,522,SUCCESS,"2026-03-27 02:46:07"
T326,U4,M4,PayU,1228,SUCCESS,"2026-03-27 23:46:07"
T327,U18,M1,Stripe,1825,SUCCESS,"2026-03-27 09:46:07"
T328,U27,M1,PayU,210,SUCCESS,"2026-03-27 22:46:07"
T329,U7,M10,Razorpay,1719,SUCCESS,"2026-03-26 14:46:07"
T330,U16,M9,Stripe,1524,SUCCESS,"2026-03-27 07:46:07"
T311,U17,M10,Razorpay,126,SUCCESS,"2026-03-27 20:46:07"
T312,U10,M2,Razorpay,424,SUCCESS,"2026-03-26 18:46:07"
T313,U37,M3,PayU,1177,SUCCESS,"2026-03-27 16:46:07"
T314,U11,M10,Razorpay,1863,FAILED,"2026-03-28 01:46:07"
T315,U50,M4,Razorpay,1783,SUCCESS,"2026-03-27 11:46:07"
T316,U40,M6,Razorpay,633,FAILED,"2026-03-27 08:46:07"
T317,U4,M8,Stripe,690,FAILED,"2026-03-26 13:46:07"
T318,U38,M10,Stripe,789,SUCCESS,"2026-03-27 00:46:07"
T319,U11,M1,Stripe,1712,FAILED,"2026-03-27 18:46:07"
T320,U37,M8,Stripe,275,SUCCESS,"2026-03-28 06:46:07"
T301,U8,M6,Stripe,906,SUCCESS,"2026-03-27 13:46:07"
T302,U48,M5,Stripe,889,FAILED,"2026-03-27 04:46:07"
T303,U8,M10,Stripe,193,SUCCESS,"2026-03-28 04:46:07"
T304,U23,M9,PayU,194,SUCCESS,"2026-03-27 21:46:07"
T305,U43,M5,PayU,2040,SUCCESS,"2026-03-28 08:46:07"
T306,U29,M8,Razorpay,1530,FAILED,"2026-03-27 09:46:07"
T307,U37,M2,Stripe,1278,SUCCESS,"2026-03-27 00:46:07"
T308,U13,M2,PayU,1742,SUCCESS,"2026-03-27 06:46:07"
T309,U2,M5,Razorpay,2040,SUCCESS,"2026-03-27 05:46:07"
T310,U46,M8,PayU,1311,SUCCESS,"2026-03-26 16:46:07"
T491,U45,M9,PayU,702,SUCCESS,"2026-03-27 02:46:07"
T492,U46,M7,Stripe,907,SUCCESS,"2026-03-26 16:46:07"
T493,U25,M9,Stripe,1581,FAILED,"2026-03-26 23:46:07"
T494,U11,M9,PayU,944,SUCCESS,"2026-03-28 07:46:07"
T495,U13,M1,Stripe,2047,FAILED,"2026-03-26 17:46:07"
T496,U18,M3,Razorpay,1718,SUCCESS,"2026-03-27 19:46:07"
T497,U13,M4,Razorpay,803,SUCCESS,"2026-03-27 16:46:07"
T498,U17,M6,PayU,1789,SUCCESS,"2026-03-26 18:46:07"
T499,U34,M10,Stripe,1078,SUCCESS,"2026-03-26 17:46:07"
T500,U41,M5,Razorpay,1950,SUCCESS,"2026-03-28 04:46:07"
T481,U20,M7,Razorpay,1331,SUCCESS,"2026-03-26 22:46:07"
T482,U30,M7,Stripe,320,SUCCESS,"2026-03-28 09:46:07"
T483,U4,M3,Razorpay,1952,SUCCESS,"2026-03-27 23:46:07"
T484,U23,M7,PayU,1381,SUCCESS,"2026-03-27 22:46:07"
T485,U45,M8,Razorpay,740,SUCCESS,"2026-03-27 22:46:07"
T486,U24,M7,Stripe,708,SUCCESS,"2026-03-27 16:46:07"
T487,U44,M3,Stripe,1381,FAILED,"2026-03-27 18:46:07"
T488,U2,M2,PayU,1943,FAILED,"2026-03-26 22:46:07"
T489,U50,M8,PayU,1574,SUCCESS,"2026-03-28 00:46:07"
T490,U7,M1,PayU,1936,SUCCESS,"2026-03-28 03:46:07"
T471,U8,M4,Stripe,1550,SUCCESS,"2026-03-27 10:46:07"
T472,U41,M6,Stripe,1539,SUCCESS,"2026-03-27 12:46:07"
T473,U45,M1,Stripe,2078,SUCCESS,"2026-03-27 19:46:07"
T474,U18,M9,Stripe,241,SUCCESS,"2026-03-27 15:46:07"
T475,U49,M7,Stripe,142,FAILED,"2026-03-27 10:46:07"
T476,U38,M3,Razorpay,885,FAILED,"2026-03-28 02:46:07"
T477,U10,M6,PayU,633,SUCCESS,"2026-03-27 11:46:07"
T478,U49,M5,Razorpay,1852,SUCCESS,"2026-03-26 18:46:07"
T479,U4,M10,Razorpay,1434,SUCCESS,"2026-03-27 07:46:07"
T480,U12,M6,PayU,469,SUCCESS,"2026-03-27 01:46:07"
T461,U15,M4,Razorpay,820,SUCCESS,"2026-03-27 21:46:07"
T462,U47,M9,Stripe,1037,SUCCESS,"2026-03-27 15:46:07"
T463,U23,M1,Razorpay,549,FAILED,"2026-03-27 11:46:07"
T464,U45,M10,Razorpay,885,SUCCESS,"2026-03-27 04:46:07"
T465,U32,M4,Stripe,815,FAILED,"2026-03-26 11:46:07"
T466,U22,M3,PayU,1641,SUCCESS,"2026-03-27 09:46:07"
T467,U3,M7,Razorpay,1056,SUCCESS,"2026-03-26 14:46:07"
T468,U7,M10,Stripe,449,SUCCESS,"2026-03-27 03:46:07"
T469,U13,M4,Razorpay,277,SUCCESS,"2026-03-27 10:46:07"
T470,U20,M6,Stripe,1154,SUCCESS,"2026-03-27 19:46:07"
T451,U21,M1,Razorpay,1865,SUCCESS,"2026-03-26 10:46:07"
T452,U40,M10,Razorpay,1274,SUCCESS,"2026-03-26 16:46:07"
T453,U46,M10,Razorpay,1642,SUCCESS,"2026-03-26 14:46:07"
T454,U10,M3,Stripe,223,SUCCESS,"2026-03-28 00:46:07"
T455,U47,M1,Stripe,542,SUCCESS,"2026-03-26 21:46:07"
T456,U38,M5,Razorpay,795,SUCCESS,"2026-03-27 22:46:07"
T457,U24,M6,Stripe,2060,SUCCESS,"2026-03-27 19:46:07"
T458,U40,M1,PayU,1162,FAILED,"2026-03-27 11:46:07"
T459,U46,M2,Razorpay,401,SUCCESS,"2026-03-27 21:46:07"
T460,U13,M6,PayU,778,SUCCESS,"2026-03-26 16:46:07"
T441,U12,M6,Razorpay,1929,SUCCESS,"2026-03-27 21:46:07"
T442,U37,M9,Razorpay,1937,SUCCESS,"2026-03-26 23:46:07"
T443,U37,M5,Razorpay,1895,SUCCESS,"2026-03-28 06:46:07"
T444,U18,M5,Razorpay,2081,SUCCESS,"2026-03-27 00:46:07"
T445,U5,M4,Stripe,736,SUCCESS,"2026-03-26 13:46:07"
T446,U5,M7,Razorpay,1058,SUCCESS,"2026-03-28 07:46:07"
T447,U48,M6,Razorpay,1524,SUCCESS,"2026-03-27 21:46:07"
T448,U24,M6,Razorpay,1835,SUCCESS,"2026-03-27 02:46:07"
T449,U46,M6,Razorpay,1394,SUCCESS,"2026-03-27 18:46:07"
T450,U24,M4,Stripe,1597,SUCCESS,"2026-03-28 07:46:07"
T431,U17,M5,Razorpay,1953,FAILED,"2026-03-27 05:46:07"
T432,U16,M9,Razorpay,596,FAILED,"2026-03-27 16:46:07"
T433,U18,M7,Razorpay,1334,FAILED,"2026-03-28 04:46:07"
T434,U9,M5,PayU,939,SUCCESS,"2026-03-27 08:46:07"
T435,U8,M2,Stripe,909,FAILED,"2026-03-27 23:46:07"
T436,U22,M5,Razorpay,1788,SUCCESS,"2026-03-26 15:46:07"
T437,U8,M2,Razorpay,900,SUCCESS,"2026-03-27 09:46:07"
T438,U47,M1,Stripe,2062,FAILED,"2026-03-26 14:46:07"
T439,U31,M4,PayU,1582,SUCCESS,"2026-03-27 19:46:07"
T440,U1,M2,PayU,2022,FAILED,"2026-03-26 10:46:07"
T421,U30,M10,Razorpay,1442,SUCCESS,"2026-03-26 10:46:07"
T422,U48,M9,Razorpay,710,SUCCESS,"2026-03-27 05:46:07"
T423,U32,M4,PayU,1061,SUCCESS,"2026-03-26 12:46:07"
T424,U34,M6,Stripe,569,SUCCESS,"2026-03-26 15:46:07"
T425,U42,M6,Razorpay,1434,SUCCESS,"2026-03-27 01:46:07"
T426,U39,M9,PayU,1150,SUCCESS,"2026-03-27 05:46:07"
T427,U13,M5,Stripe,849,SUCCESS,"2026-03-28 09:46:07"
T428,U19,M8,PayU,2063,SUCCESS,"2026-03-27 08:46:07"
T429,U37,M1,Razorpay,271,SUCCESS,"2026-03-26 20:46:07"
T430,U5,M1,Razorpay,1089,SUCCESS,"2026-03-27 01:46:07"
T411,U15,M4,Razorpay,570,FAILED,"2026-03-28 09:46:07"
T412,U11,M1,Stripe,569,FAILED,"2026-03-27 18:46:07"
T413,U10,M1,Stripe,1271,SUCCESS,"2026-03-26 14:46:07"
T414,U25,M8,Razorpay,541,SUCCESS,"2026-03-27 13:46:07"
T415,U25,M2,Razorpay,2040,SUCCESS,"2026-03-28 05:46:07"
T416,U24,M1,PayU,783,FAILED,"2026-03-26 13:46:07"
T417,U33,M6,Stripe,965,SUCCESS,"2026-03-27 05:46:07"
T418,U42,M4,Stripe,395,SUCCESS,"2026-03-27 21:46:07"
T419,U13,M6,PayU,654,SUCCESS,"2026-03-26 22:46:07"
T420,U17,M5,Razorpay,1803,SUCCESS,"2026-03-28 01:46:07"
T401,U13,M8,PayU,1187,FAILED,"2026-03-27 04:46:07"
T402,U28,M9,PayU,557,FAILED,"2026-03-27 15:46:07"
T403,U25,M4,Razorpay,1586,SUCCESS,"2026-03-28 02:46:07"
T404,U50,M5,Razorpay,1033,FAILED,"2026-03-28 04:46:07"
T405,U43,M9,PayU,284,SUCCESS,"2026-03-27 02:46:07"
T406,U28,M8,Razorpay,594,FAILED,"2026-03-26 11:46:07"
T407,U2,M3,Razorpay,1134,SUCCESS,"2026-03-26 18:46:07"
T408,U33,M9,Razorpay,302,SUCCESS,"2026-03-27 04:46:07"
T409,U27,M8,Stripe,747,SUCCESS,"2026-03-28 04:46:07"
T410,U37,M3,Razorpay,1954,SUCCESS,"2026-03-27 20:46:07"
T591,U37,M9,Razorpay,1371,SUCCESS,"2026-03-27 11:46:07"
T592,U4,M10,PayU,1472,SUCCESS,"2026-03-28 03:46:07"
T593,U46,M3,Stripe,242,SUCCESS,"2026-03-27 16:46:07"
T594,U44,M3,PayU,159,FAILED,"2026-03-28 07:46:07"
T595,U38,M7,PayU,937,SUCCESS,"2026-03-27 17:46:07"
T596,U10,M9,PayU,991,FAILED,"2026-03-27 04:46:07"
T597,U34,M6,PayU,185,FAILED,"2026-03-26 18:46:07"
T598,U9,M4,Razorpay,504,SUCCESS,"2026-03-27 00:46:07"
T599,U34,M3,Stripe,182,SUCCESS,"2026-03-27 19:46:07"
T600,U12,M3,PayU,2021,SUCCESS,"2026-03-27 06:46:07"
T581,U21,M4,Stripe,1946,SUCCESS,"2026-03-27 03:46:07"
T582,U39,M10,Razorpay,1161,FAILED,"2026-03-26 15:46:07"
T583,U37,M10,PayU,1952,SUCCESS,"2026-03-27 02:46:07"
T584,U22,M2,Stripe,1873,SUCCESS,"2026-03-27 08:46:07"
T585,U26,M1,Stripe,1227,SUCCESS,"2026-03-27 06:46:07"
T586,U5,M8,Stripe,665,FAILED,"2026-03-27 07:46:07"
T587,U5,M8,PayU,272,SUCCESS,"2026-03-27 07:46:07"
T588,U33,M6,Razorpay,834,SUCCESS,"2026-03-27 03:46:07"
T589,U47,M8,Razorpay,1594,SUCCESS,"2026-03-27 17:46:07"
T590,U30,M9,PayU,1934,SUCCESS,"2026-03-27 17:46:07"
T571,U24,M4,Razorpay,673,SUCCESS,"2026-03-27 14:46:07"
T572,U5,M3,Razorpay,605,SUCCESS,"2026-03-27 12:46:07"
T573,U27,M4,PayU,1442,SUCCESS,"2026-03-28 08:46:07"
T574,U18,M7,Razorpay,2095,SUCCESS,"2026-03-28 04:46:07"
T575,U18,M4,PayU,1908,SUCCESS,"2026-03-26 16:46:07"
T576,U47,M2,PayU,1307,SUCCESS,"2026-03-27 15:46:07"
T577,U50,M9,Razorpay,1971,SUCCESS,"2026-03-27 10:46:07"
T578,U6,M1,PayU,1157,FAILED,"2026-03-27 06:46:07"
T579,U18,M1,Razorpay,1150,SUCCESS,"2026-03-27 01:46:07"
T580,U33,M2,PayU,593,SUCCESS,"2026-03-28 05:46:07"
T561,U19,M6,PayU,1938,SUCCESS,"2026-03-27 16:46:07"
T562,U28,M7,Stripe,543,SUCCESS,"2026-03-27 20:46:07"
T563,U44,M6,PayU,1924,FAILED,"2026-03-26 18:46:07"
T564,U20,M5,Razorpay,896,SUCCESS,"2026-03-27 15:46:07"
T565,U20,M9,PayU,405,FAILED,"2026-03-27 10:46:07"
T566,U23,M8,Stripe,304,SUCCESS,"2026-03-28 04:46:07"
T567,U15,M2,PayU,275,SUCCESS,"2026-03-27 23:46:07"
T568,U50,M3,Stripe,579,FAILED,"2026-03-28 04:46:07"
T569,U33,M9,Stripe,1815,FAILED,"2026-03-27 18:46:07"
T570,U15,M5,Stripe,292,FAILED,"2026-03-27 07:46:07"
T551,U43,M7,Stripe,419,FAILED,"2026-03-27 20:46:07"
T552,U29,M10,Razorpay,161,SUCCESS,"2026-03-26 20:46:07"
T553,U9,M6,Razorpay,1421,SUCCESS,"2026-03-26 11:46:07"
T554,U16,M7,Razorpay,552,SUCCESS,"2026-03-27 05:46:07"
T555,U33,M5,Razorpay,1410,SUCCESS,"2026-03-27 04:46:07"
T556,U49,M10,PayU,316,SUCCESS,"2026-03-27 02:46:07"
T557,U37,M7,PayU,275,SUCCESS,"2026-03-26 12:46:07"
T558,U23,M5,Stripe,145,SUCCESS,"2026-03-26 19:46:07"
T559,U27,M3,Stripe,1970,SUCCESS,"2026-03-26 21:46:07"
T560,U23,M10,Stripe,1973,FAILED,"2026-03-26 14:46:07"
T541,U37,M10,Stripe,956,FAILED,"2026-03-26 20:46:07"
T542,U22,M9,Razorpay,942,SUCCESS,"2026-03-27 22:46:07"
T543,U45,M8,Razorpay,1184,SUCCESS,"2026-03-27 17:46:07"
T544,U5,M5,Razorpay,1421,SUCCESS,"2026-03-27 12:46:07"
T545,U21,M8,Razorpay,702,SUCCESS,"2026-03-27 16:46:07"
T546,U46,M4,Razorpay,1912,FAILED,"2026-03-26 20:46:07"
T547,U9,M6,Razorpay,149,FAILED,"2026-03-26 22:46:07"
T548,U22,M10,Razorpay,1267,SUCCESS,"2026-03-26 14:46:07"
T549,U7,M10,Razorpay,1122,FAILED,"2026-03-27 17:46:07"
T550,U21,M1,PayU,1386,SUCCESS,"2026-03-26 17:46:07"
T531,U8,M3,PayU,763,SUCCESS,"2026-03-26 11:46:07"
T532,U13,M4,Razorpay,632,SUCCESS,"2026-03-26 21:46:07"
T533,U25,M2,Razorpay,1713,SUCCESS,"2026-03-28 07:46:07"
T534,U19,M7,Razorpay,715,SUCCESS,"2026-03-26 19:46:07"
T535,U41,M7,PayU,2086,SUCCESS,"2026-03-28 07:46:07"
T536,U21,M9,Razorpay,807,SUCCESS,"2026-03-26 19:46:07"
T537,U23,M10,Razorpay,436,SUCCESS,"2026-03-26 10:46:07"
T538,U4,M4,PayU,696,SUCCESS,"2026-03-27 22:46:07"
T539,U45,M8,Razorpay,108,FAILED,"2026-03-27 14:46:07"
T540,U18,M6,PayU,150,FAILED,"2026-03-27 12:46:07"
T521,U26,M2,Stripe,1655,SUCCESS,"2026-03-26 10:46:07"
T522,U29,M9,PayU,365,SUCCESS,"2026-03-27 13:46:07"
T523,U3,M10,PayU,321,SUCCESS,"2026-03-28 04:46:07"
T524,U14,M1,Razorpay,645,SUCCESS,"2026-03-28 06:46:07"
T525,U32,M10,PayU,1445,SUCCESS,"2026-03-27 06:46:07"
T526,U48,M10,Razorpay,810,SUCCESS,"2026-03-26 12:46:07"
T527,U46,M8,Razorpay,2055,SUCCESS,"2026-03-26 23:46:07"
T528,U20,M8,PayU,694,SUCCESS,"2026-03-27 01:46:07"
T529,U22,M2,Stripe,391,SUCCESS,"2026-03-27 22:46:07"
T530,U40,M2,Stripe,1286,SUCCESS,"2026-03-27 09:46:07"
T511,U19,M4,Stripe,1682,SUCCESS,"2026-03-28 09:46:07"
T512,U13,M2,Razorpay,2086,SUCCESS,"2026-03-27 15:46:07"
T513,U46,M5,Stripe,1239,SUCCESS,"2026-03-28 09:46:07"
T514,U42,M2,Razorpay,1736,SUCCESS,"2026-03-27 03:46:07"
T515,U7,M8,Razorpay,852,FAILED,"2026-03-27 11:46:07"
T516,U29,M5,Stripe,2051,SUCCESS,"2026-03-27 01:46:07"
T517,U42,M2,Razorpay,1528,FAILED,"2026-03-27 23:46:07"
T518,U25,M8,Stripe,1779,FAILED,"2026-03-26 13:46:07"
T519,U49,M1,Stripe,1054,SUCCESS,"2026-03-28 00:46:07"
T520,U40,M4,Stripe,1134,FAILED,"2026-03-27 15:46:07"
T501,U50,M8,PayU,1163,SUCCESS,"2026-03-26 11:46:07"
T502,U36,M7,PayU,1652,SUCCESS,"2026-03-27 19:46:07"
T503,U8,M9,Stripe,1636,FAILED,"2026-03-27 22:46:07"
T504,U25,M8,Razorpay,396,FAILED,"2026-03-28 09:46:07"
T505,U20,M9,Razorpay,1764,SUCCESS,"2026-03-26 20:46:07"
T506,U9,M5,PayU,1373,FAILED,"2026-03-26 11:46:07"
T507,U26,M7,Stripe,461,SUCCESS,"2026-03-26 18:46:07"
T508,U43,M9,Stripe,635,SUCCESS,"2026-03-27 00:46:07"
T509,U21,M10,Stripe,1537,SUCCESS,"2026-03-28 04:46:07"
T510,U19,M6,PayU,2067,SUCCESS,"2026-03-27 09:46:07"
T691,U23,M8,Razorpay,1894,FAILED,"2026-03-27 00:46:07"
T692,U41,M1,PayU,709,SUCCESS,"2026-03-27 07:46:07"
T693,U14,M8,PayU,348,SUCCESS,"2026-03-27 01:46:07"
T694,U20,M10,Stripe,420,SUCCESS,"2026-03-26 17:46:07"
T695,U10,M5,Stripe,678,FAILED,"2026-03-26 19:46:07"
T696,U10,M6,Razorpay,1700,SUCCESS,"2026-03-26 10:46:07"
T697,U38,M8,Stripe,1769,SUCCESS,"2026-03-26 17:46:07"
T698,U19,M4,Stripe,1816,SUCCESS,"2026-03-27 19:46:07"
T699,U38,M9,Razorpay,734,FAILED,"2026-03-26 10:46:07"
T700,U49,M9,Stripe,1040,SUCCESS,"2026-03-28 00:46:07"
T681,U32,M6,PayU,1273,SUCCESS,"2026-03-27 22:46:07"
T682,U50,M3,Razorpay,335,SUCCESS,"2026-03-27 23:46:07"
T683,U40,M3,PayU,1763,SUCCESS,"2026-03-27 10:46:07"
T684,U14,M10,PayU,1695,FAILED,"2026-03-26 10:46:07"
T685,U16,M7,Razorpay,1519,SUCCESS,"2026-03-26 10:46:07"
T686,U13,M3,Stripe,597,SUCCESS,"2026-03-27 18:46:07"
T687,U18,M8,PayU,447,SUCCESS,"2026-03-28 01:46:07"
T688,U26,M10,Stripe,1635,FAILED,"2026-03-26 17:46:07"
T689,U38,M3,PayU,1016,FAILED,"2026-03-26 21:46:07"
T690,U17,M4,PayU,909,SUCCESS,"2026-03-27 22:46:07"
T671,U18,M1,Razorpay,1087,SUCCESS,"2026-03-28 07:46:07"
T672,U45,M4,Razorpay,1329,SUCCESS,"2026-03-27 16:46:07"
T673,U46,M5,Stripe,2097,SUCCESS,"2026-03-28 07:46:07"
T674,U20,M9,Razorpay,165,FAILED,"2026-03-26 17:46:07"
T675,U42,M7,Stripe,1887,FAILED,"2026-03-27 06:46:07"
T676,U15,M8,PayU,125,SUCCESS,"2026-03-27 07:46:07"
T677,U11,M4,Razorpay,531,SUCCESS,"2026-03-27 00:46:07"
T678,U34,M3,Stripe,558,FAILED,"2026-03-26 21:46:07"
T679,U5,M3,PayU,1641,SUCCESS,"2026-03-27 10:46:07"
T680,U49,M5,Razorpay,1122,SUCCESS,"2026-03-26 12:46:07"
T661,U24,M5,PayU,1118,SUCCESS,"2026-03-27 15:46:07"
T662,U7,M6,Stripe,877,SUCCESS,"2026-03-27 20:46:07"
T663,U18,M9,Stripe,713,SUCCESS,"2026-03-26 17:46:07"
T664,U9,M4,Razorpay,1481,SUCCESS,"2026-03-28 03:46:07"
T665,U28,M4,Razorpay,973,FAILED,"2026-03-28 02:46:07"
T666,U4,M10,Stripe,604,SUCCESS,"2026-03-27 12:46:07"
T667,U7,M3,PayU,1729,SUCCESS,"2026-03-28 01:46:07"
T668,U48,M3,Razorpay,494,SUCCESS,"2026-03-26 14:46:07"
T669,U4,M6,PayU,233,SUCCESS,"2026-03-26 13:46:07"
T670,U27,M9,PayU,1764,SUCCESS,"2026-03-28 00:46:07"
T651,U27,M2,Razorpay,1461,SUCCESS,"2026-03-26 19:46:07"
T652,U46,M2,PayU,1950,SUCCESS,"2026-03-27 07:46:07"
T653,U30,M4,PayU,1822,SUCCESS,"2026-03-27 06:46:07"
T654,U38,M1,PayU,1641,FAILED,"2026-03-27 23:46:07"
T655,U21,M5,PayU,1529,SUCCESS,"2026-03-26 15:46:07"
T656,U43,M6,Razorpay,1076,FAILED,"2026-03-27 20:46:07"
T657,U10,M1,PayU,1937,SUCCESS,"2026-03-26 22:46:07"
T658,U21,M9,PayU,127,SUCCESS,"2026-03-26 18:46:07"
T659,U1,M6,PayU,2051,SUCCESS,"2026-03-27 04:46:07"
T660,U48,M10,PayU,1757,SUCCESS,"2026-03-27 09:46:07"
T641,U29,M4,Razorpay,103,FAILED,"2026-03-26 15:46:07"
T642,U25,M9,Stripe,1290,SUCCESS,"2026-03-26 13:46:07"
T643,U13,M4,Razorpay,433,SUCCESS,"2026-03-27 06:46:07"
T644,U43,M6,Razorpay,2074,SUCCESS,"2026-03-26 13:46:07"
T645,U44,M7,Stripe,1252,SUCCESS,"2026-03-27 18:46:07"
T646,U21,M1,Razorpay,1136,SUCCESS,"2026-03-28 03:46:07"
T647,U15,M1,Razorpay,1921,FAILED,"2026-03-27 23:46:07"
T648,U7,M10,Stripe,905,SUCCESS,"2026-03-26 12:46:07"
T649,U44,M5,PayU,977,FAILED,"2026-03-28 06:46:07"
T650,U35,M3,Stripe,2097,FAILED,"2026-03-27 18:46:07"
T631,U4,M4,Stripe,1896,SUCCESS,"2026-03-27 20:46:07"
T632,U11,M3,Stripe,1764,SUCCESS,"2026-03-26 21:46:07"
T633,U42,M9,PayU,1411,SUCCESS,"2026-03-27 02:46:07"
T634,U7,M7,Razorpay,713,SUCCESS,"2026-03-27 08:46:07"
T635,U42,M5,PayU,1090,SUCCESS,"2026-03-26 10:46:07"
T636,U22,M2,PayU,1908,SUCCESS,"2026-03-27 14:46:07"
T637,U39,M7,PayU,1590,SUCCESS,"2026-03-26 21:46:07"
T638,U49,M6,PayU,1473,FAILED,"2026-03-28 04:46:07"
T639,U2,M9,Razorpay,875,SUCCESS,"2026-03-27 04:46:07"
T640,U2,M3,Razorpay,1669,FAILED,"2026-03-27 16:46:07"
T621,U1,M10,Stripe,1778,SUCCESS,"2026-03-26 18:46:07"
T622,U8,M3,PayU,1172,SUCCESS,"2026-03-26 19:46:07"
T623,U39,M5,PayU,564,SUCCESS,"2026-03-27 14:46:07"
T624,U38,M6,Stripe,221,SUCCESS,"2026-03-28 05:46:07"
T625,U25,M2,Stripe,1245,SUCCESS,"2026-03-27 20:46:07"
T626,U29,M1,Stripe,1163,SUCCESS,"2026-03-27 03:46:07"
T627,U1,M2,PayU,915,SUCCESS,"2026-03-27 19:46:07"
T628,U19,M10,Stripe,1854,FAILED,"2026-03-27 16:46:07"
T629,U21,M10,PayU,1184,SUCCESS,"2026-03-27 15:46:07"
T630,U8,M6,Stripe,1803,SUCCESS,"2026-03-26 20:46:07"
T611,U47,M3,Stripe,807,FAILED,"2026-03-28 02:46:07"
T612,U12,M7,Stripe,314,SUCCESS,"2026-03-28 03:46:07"
T613,U31,M7,Razorpay,1079,SUCCESS,"2026-03-26 21:46:07"
T614,U44,M1,Stripe,1747,SUCCESS,"2026-03-27 18:46:07"
T615,U29,M9,PayU,155,FAILED,"2026-03-27 11:46:07"
T616,U30,M6,Razorpay,438,SUCCESS,"2026-03-26 17:46:07"
T617,U19,M4,Stripe,485,SUCCESS,"2026-03-27 11:46:07"
T618,U18,M4,PayU,790,SUCCESS,"2026-03-27 14:46:07"
T619,U50,M8,Stripe,1769,SUCCESS,"2026-03-27 12:46:07"
T620,U3,M10,Stripe,1450,FAILED,"2026-03-27 11:46:07"
T601,U31,M8,PayU,677,SUCCESS,"2026-03-28 04:46:07"
T602,U20,M6,PayU,171,FAILED,"2026-03-27 12:46:07"
T603,U24,M1,Stripe,484,SUCCESS,"2026-03-27 05:46:07"
T604,U43,M5,PayU,1964,SUCCESS,"2026-03-27 18:46:07"
T605,U30,M10,PayU,1680,SUCCESS,"2026-03-27 05:46:07"
T606,U20,M2,Stripe,1174,FAILED,"2026-03-26 17:46:07"
T607,U28,M2,Razorpay,116,SUCCESS,"2026-03-27 12:46:07"
T608,U50,M6,PayU,339,SUCCESS,"2026-03-26 12:46:07"
T609,U40,M1,PayU,511,SUCCESS,"2026-03-27 08:46:07"
T610,U19,M3,Razorpay,942,SUCCESS,"2026-03-27 08:46:07"
T791,U29,M3,Stripe,1820,SUCCESS,"2026-03-28 02:46:07"
T792,U27,M3,Stripe,1595,SUCCESS,"2026-03-27 22:46:07"
T793,U17,M9,Stripe,1877,FAILED,"2026-03-26 19:46:07"
T794,U15,M1,Stripe,1318,SUCCESS,"2026-03-26 22:46:07"
T795,U40,M7,Razorpay,795,SUCCESS,"2026-03-27 13:46:07"
T796,U32,M9,Stripe,1308,SUCCESS,"2026-03-26 23:46:07"
T797,U23,M2,Razorpay,150,SUCCESS,"2026-03-27 18:46:07"
T798,U37,M8,Stripe,1096,FAILED,"2026-03-27 01:46:07"
T799,U45,M5,Stripe,1696,FAILED,"2026-03-27 13:46:07"
T800,U41,M8,Stripe,127,SUCCESS,"2026-03-27 21:46:07"
T781,U16,M9,Razorpay,317,SUCCESS,"2026-03-26 22:46:07"
T782,U5,M2,PayU,1998,SUCCESS,"2026-03-27 19:46:07"
T783,U31,M2,Razorpay,1306,FAILED,"2026-03-26 15:46:07"
T784,U33,M6,PayU,1296,SUCCESS,"2026-03-27 18:46:07"
T785,U18,M8,PayU,781,SUCCESS,"2026-03-26 23:46:07"
T786,U50,M8,PayU,977,SUCCESS,"2026-03-26 23:46:07"
T787,U29,M7,PayU,1647,SUCCESS,"2026-03-27 13:46:07"
T788,U26,M3,PayU,976,SUCCESS,"2026-03-26 19:46:07"
T789,U6,M2,Stripe,723,FAILED,"2026-03-27 20:46:07"
T790,U44,M6,PayU,812,FAILED,"2026-03-28 05:46:07"
T771,U48,M5,Stripe,1791,FAILED,"2026-03-26 11:46:07"
T772,U9,M10,Razorpay,768,FAILED,"2026-03-26 21:46:07"
T773,U48,M5,Razorpay,563,SUCCESS,"2026-03-27 06:46:07"
T774,U8,M10,Stripe,1059,FAILED,"2026-03-27 22:46:07"
T775,U21,M3,Razorpay,380,SUCCESS,"2026-03-28 03:46:07"
T776,U20,M5,Razorpay,1519,FAILED,"2026-03-27 23:46:07"
T777,U25,M8,Stripe,1469,SUCCESS,"2026-03-28 06:46:07"
T778,U34,M2,PayU,1092,SUCCESS,"2026-03-26 12:46:07"
T779,U25,M7,PayU,1088,SUCCESS,"2026-03-27 01:46:07"
T780,U5,M4,PayU,821,SUCCESS,"2026-03-27 18:46:07"
T761,U29,M10,PayU,942,SUCCESS,"2026-03-26 20:46:07"
T762,U6,M2,Stripe,775,FAILED,"2026-03-26 19:46:07"
T763,U4,M1,PayU,585,SUCCESS,"2026-03-27 13:46:07"
T764,U13,M10,Razorpay,1657,SUCCESS,"2026-03-26 11:46:07"
T765,U23,M4,Stripe,1803,SUCCESS,"2026-03-28 05:46:07"
T766,U3,M10,PayU,1787,FAILED,"2026-03-27 23:46:07"
T767,U11,M5,Stripe,1346,SUCCESS,"2026-03-26 19:46:07"
T768,U49,M5,Stripe,1695,SUCCESS,"2026-03-26 13:46:07"
T769,U31,M4,PayU,1265,FAILED,"2026-03-27 19:46:07"
T770,U3,M4,PayU,1596,SUCCESS,"2026-03-27 00:46:07"
T751,U17,M6,PayU,1614,SUCCESS,"2026-03-28 02:46:07"
T752,U25,M1,Stripe,1605,SUCCESS,"2026-03-27 21:46:07"
T753,U49,M2,Stripe,1918,SUCCESS,"2026-03-27 23:46:07"
T754,U18,M1,Razorpay,1956,FAILED,"2026-03-28 00:46:07"
T755,U50,M4,PayU,1372,FAILED,"2026-03-28 06:46:07"
T756,U18,M6,PayU,688,SUCCESS,"2026-03-27 13:46:07"
T757,U46,M4,PayU,227,FAILED,"2026-03-27 12:46:07"
T758,U23,M9,Razorpay,1917,SUCCESS,"2026-03-27 21:46:07"
T759,U34,M7,Razorpay,1545,SUCCESS,"2026-03-28 07:46:07"
T760,U26,M4,Stripe,1818,SUCCESS,"2026-03-26 15:46:07"
T741,U7,M1,PayU,865,FAILED,"2026-03-28 04:46:07"
T742,U2,M9,Razorpay,1566,SUCCESS,"2026-03-27 12:46:07"
T743,U31,M8,PayU,1669,SUCCESS,"2026-03-27 14:46:07"
T744,U20,M7,Stripe,1265,FAILED,"2026-03-26 20:46:07"
T745,U12,M8,Razorpay,1394,SUCCESS,"2026-03-27 19:46:07"
T746,U29,M10,Razorpay,613,SUCCESS,"2026-03-27 17:46:07"
T747,U5,M4,Stripe,2058,SUCCESS,"2026-03-27 23:46:07"
T748,U1,M5,PayU,1626,FAILED,"2026-03-26 18:46:07"
T749,U33,M8,PayU,1022,SUCCESS,"2026-03-26 23:46:07"
T750,U17,M6,Stripe,1426,SUCCESS,"2026-03-26 19:46:07"
T731,U47,M3,Razorpay,1569,FAILED,"2026-03-28 04:46:07"
T732,U47,M4,Razorpay,536,FAILED,"2026-03-26 21:46:07"
T733,U7,M4,Stripe,315,SUCCESS,"2026-03-26 20:46:07"
T734,U13,M9,Stripe,1379,SUCCESS,"2026-03-27 21:46:07"
T735,U30,M2,PayU,840,FAILED,"2026-03-26 21:46:07"
T736,U44,M1,PayU,1507,SUCCESS,"2026-03-27 02:46:07"
T737,U40,M1,Stripe,609,SUCCESS,"2026-03-26 19:46:07"
T738,U3,M9,PayU,748,FAILED,"2026-03-26 18:46:07"
T739,U44,M9,PayU,1864,SUCCESS,"2026-03-28 09:46:07"
T740,U4,M4,Stripe,1095,FAILED,"2026-03-27 18:46:07"
T721,U36,M6,PayU,1631,FAILED,"2026-03-27 09:46:07"
T722,U16,M10,PayU,809,SUCCESS,"2026-03-28 00:46:07"
T723,U13,M7,Stripe,1968,FAILED,"2026-03-27 00:46:07"
T724,U42,M1,PayU,650,SUCCESS,"2026-03-26 13:46:07"
T725,U30,M2,Razorpay,1423,SUCCESS,"2026-03-28 03:46:07"
T726,U2,M8,Stripe,1090,FAILED,"2026-03-26 15:46:07"
T727,U41,M4,Stripe,133,FAILED,"2026-03-28 09:46:07"
T728,U32,M1,Stripe,405,SUCCESS,"2026-03-27 19:46:07"
T729,U23,M4,Stripe,1327,SUCCESS,"2026-03-28 01:46:07"
T730,U35,M9,Stripe,295,SUCCESS,"2026-03-26 12:46:07"
T711,U18,M10,PayU,2021,SUCCESS,"2026-03-27 08:46:07"
T712,U11,M5,PayU,1322,SUCCESS,"2026-03-28 02:46:07"
T713,U50,M5,Razorpay,1947,FAILED,"2026-03-27 04:46:07"
T714,U22,M4,Stripe,1828,SUCCESS,"2026-03-27 14:46:07"
T715,U21,M9,PayU,2061,SUCCESS,"2026-03-27 21:46:07"
T716,U29,M1,Stripe,1046,FAILED,"2026-03-27 04:46:07"
T717,U35,M6,Stripe,1411,SUCCESS,"2026-03-27 05:46:07"
T718,U4,M6,Stripe,1977,SUCCESS,"2026-03-26 13:46:07"
T719,U11,M3,Stripe,1644,SUCCESS,"2026-03-26 23:46:07"
T720,U18,M7,PayU,210,SUCCESS,"2026-03-27 04:46:07"
T701,U1,M2,PayU,1913,FAILED,"2026-03-27 05:46:07"
T702,U20,M2,PayU,867,SUCCESS,"2026-03-27 09:46:07"
T703,U48,M3,Stripe,674,SUCCESS,"2026-03-28 03:46:07"
T704,U6,M2,Razorpay,2022,SUCCESS,"2026-03-28 00:46:07"
T705,U48,M2,Razorpay,1463,SUCCESS,"2026-03-27 19:46:07"
T706,U34,M6,Stripe,1806,FAILED,"2026-03-27 00:46:07"
T707,U49,M8,Stripe,2094,SUCCESS,"2026-03-27 03:46:07"
T708,U39,M10,Stripe,719,SUCCESS,"2026-03-26 15:46:07"
T709,U39,M2,Stripe,621,SUCCESS,"2026-03-27 15:46:07"
T710,U4,M2,Stripe,1854,SUCCESS,"2026-03-27 09:46:07"
T891,U26,M10,Stripe,703,SUCCESS,"2026-03-26 22:46:07"
T892,U17,M5,Razorpay,152,FAILED,"2026-03-26 17:46:07"
T893,U14,M9,Stripe,1156,SUCCESS,"2026-03-27 15:46:07"
T894,U38,M6,Stripe,268,FAILED,"2026-03-27 05:46:07"
T895,U35,M7,Razorpay,767,FAILED,"2026-03-27 19:46:07"
T896,U47,M8,Razorpay,195,SUCCESS,"2026-03-26 14:46:07"
T897,U26,M9,Stripe,429,SUCCESS,"2026-03-26 16:46:07"
T898,U26,M10,Razorpay,210,FAILED,"2026-03-27 05:46:07"
T899,U38,M10,Stripe,1571,SUCCESS,"2026-03-27 15:46:07"
T900,U27,M6,Razorpay,1414,SUCCESS,"2026-03-26 22:46:07"
T881,U12,M10,Razorpay,965,FAILED,"2026-03-27 00:46:07"
T882,U25,M4,Stripe,485,SUCCESS,"2026-03-28 04:46:07"
T883,U49,M6,Stripe,996,SUCCESS,"2026-03-28 09:46:07"
T884,U33,M3,Razorpay,1113,FAILED,"2026-03-27 13:46:07"
T885,U39,M6,Stripe,2018,SUCCESS,"2026-03-28 05:46:07"
T886,U47,M4,PayU,1248,SUCCESS,"2026-03-26 18:46:07"
T887,U40,M6,Razorpay,988,SUCCESS,"2026-03-26 21:46:07"
T888,U48,M5,Stripe,1427,SUCCESS,"2026-03-27 05:46:07"
T889,U30,M2,PayU,1086,SUCCESS,"2026-03-28 06:46:07"
T890,U41,M9,PayU,418,SUCCESS,"2026-03-27 07:46:07"
T871,U50,M3,Razorpay,908,SUCCESS,"2026-03-27 06:46:07"
T872,U40,M3,PayU,1392,SUCCESS,"2026-03-28 09:46:07"
T873,U13,M3,Stripe,1402,FAILED,"2026-03-28 02:46:07"
T874,U17,M2,PayU,199,SUCCESS,"2026-03-27 20:46:07"
T875,U49,M1,Razorpay,1683,SUCCESS,"2026-03-26 16:46:07"
T876,U48,M3,Razorpay,344,SUCCESS,"2026-03-27 09:46:07"
T877,U50,M5,Razorpay,413,SUCCESS,"2026-03-27 17:46:07"
T878,U3,M2,PayU,1169,SUCCESS,"2026-03-27 13:46:07"
T879,U27,M4,Razorpay,850,SUCCESS,"2026-03-28 01:46:07"
T880,U46,M1,Razorpay,1166,SUCCESS,"2026-03-28 06:46:07"
T861,U8,M6,Razorpay,1049,SUCCESS,"2026-03-27 22:46:07"
T862,U49,M2,PayU,260,SUCCESS,"2026-03-28 08:46:07"
T863,U8,M7,PayU,1428,SUCCESS,"2026-03-27 08:46:07"
T864,U8,M2,Razorpay,769,SUCCESS,"2026-03-27 16:46:07"
T865,U49,M8,Razorpay,1892,SUCCESS,"2026-03-26 16:46:07"
T866,U21,M5,PayU,1032,SUCCESS,"2026-03-26 13:46:07"
T867,U13,M5,PayU,182,SUCCESS,"2026-03-27 18:46:07"
T868,U17,M7,Razorpay,1104,SUCCESS,"2026-03-27 01:46:07"
T869,U26,M6,Razorpay,2075,SUCCESS,"2026-03-26 12:46:07"
T870,U50,M2,Stripe,1752,SUCCESS,"2026-03-27 06:46:07"
T851,U13,M6,Razorpay,859,FAILED,"2026-03-28 00:46:07"
T852,U20,M4,PayU,869,FAILED,"2026-03-26 14:46:07"
T853,U5,M8,Stripe,1860,SUCCESS,"2026-03-28 06:46:07"
T854,U49,M7,Razorpay,1923,SUCCESS,"2026-03-26 18:46:07"
T855,U37,M3,Razorpay,860,FAILED,"2026-03-26 10:46:07"
T856,U26,M6,Razorpay,937,SUCCESS,"2026-03-28 08:46:07"
T857,U39,M8,Stripe,708,FAILED,"2026-03-26 15:46:07"
T858,U27,M10,Stripe,1990,SUCCESS,"2026-03-28 08:46:07"
T859,U20,M9,Razorpay,1767,SUCCESS,"2026-03-26 20:46:07"
T860,U7,M3,Razorpay,1077,SUCCESS,"2026-03-27 01:46:07"
T841,U36,M6,Stripe,2019,SUCCESS,"2026-03-27 12:46:07"
T842,U24,M1,Stripe,612,SUCCESS,"2026-03-27 00:46:07"
T843,U32,M1,Razorpay,1547,SUCCESS,"2026-03-26 22:46:07"
T844,U7,M5,PayU,405,SUCCESS,"2026-03-26 22:46:07"
T845,U30,M8,PayU,804,SUCCESS,"2026-03-28 07:46:07"
T846,U9,M7,PayU,1328,SUCCESS,"2026-03-27 09:46:07"
T847,U36,M10,PayU,1068,SUCCESS,"2026-03-28 00:46:07"
T848,U42,M6,Razorpay,105,SUCCESS,"2026-03-27 15:46:07"
T849,U46,M5,Razorpay,674,SUCCESS,"2026-03-26 21:46:07"
T850,U11,M8,Stripe,737,SUCCESS,"2026-03-26 15:46:07"
T831,U37,M1,PayU,990,SUCCESS,"2026-03-27 21:46:07"
T832,U36,M8,PayU,1124,SUCCESS,"2026-03-26 22:46:07"
T833,U46,M4,Razorpay,739,SUCCESS,"2026-03-26 20:46:07"
T834,U45,M1,PayU,816,SUCCESS,"2026-03-28 04:46:07"
T835,U36,M2,Stripe,1488,SUCCESS,"2026-03-26 16:46:07"
T836,U27,M1,PayU,124,SUCCESS,"2026-03-27 14:46:07"
T837,U28,M6,Razorpay,697,FAILED,"2026-03-27 10:46:07"
T838,U42,M7,PayU,129,SUCCESS,"2026-03-27 15:46:07"
T839,U45,M3,PayU,213,FAILED,"2026-03-27 13:46:07"
T840,U21,M8,Stripe,1924,SUCCESS,"2026-03-26 19:46:07"
T821,U3,M9,Razorpay,1665,SUCCESS,"2026-03-27 18:46:07"
T822,U23,M3,PayU,1551,FAILED,"2026-03-27 07:46:07"
T823,U48,M1,Stripe,1951,SUCCESS,"2026-03-28 02:46:07"
T824,U30,M5,Stripe,1110,FAILED,"2026-03-27 14:46:07"
T825,U36,M4,Stripe,947,SUCCESS,"2026-03-28 03:46:07"
T826,U34,M9,Stripe,832,SUCCESS,"2026-03-28 06:46:07"
T827,U25,M2,Stripe,1805,FAILED,"2026-03-27 09:46:07"
T828,U8,M2,Stripe,1231,SUCCESS,"2026-03-27 23:46:07"
T829,U18,M1,Stripe,1873,SUCCESS,"2026-03-26 11:46:07"
T830,U22,M3,PayU,244,SUCCESS,"2026-03-28 03:46:07"
T811,U15,M1,Razorpay,1085,SUCCESS,"2026-03-28 09:46:07"
T812,U27,M7,Stripe,1503,FAILED,"2026-03-26 20:46:07"
T813,U49,M6,PayU,820,SUCCESS,"2026-03-26 13:46:07"
T814,U21,M3,Razorpay,1385,FAILED,"2026-03-26 16:46:07"
T815,U25,M9,Stripe,1154,FAILED,"2026-03-26 23:46:07"
T816,U3,M1,Razorpay,596,SUCCESS,"2026-03-26 16:46:07"
T817,U19,M3,Razorpay,1098,SUCCESS,"2026-03-27 12:46:07"
T818,U5,M1,Razorpay,1074,FAILED,"2026-03-27 08:46:07"
T819,U33,M7,Razorpay,275,FAILED,"2026-03-28 06:46:07"
T820,U37,M5,Razorpay,1598,SUCCESS,"2026-03-26 19:46:07"
T801,U50,M6,PayU,779,SUCCESS,"2026-03-27 12:46:07"
T802,U16,M3,Stripe,821,SUCCESS,"2026-03-27 17:46:07"
T803,U13,M3,Stripe,1057,SUCCESS,"2026-03-26 12:46:07"
T804,U24,M6,Stripe,388,SUCCESS,"2026-03-26 23:46:07"
T805,U36,M4,PayU,1533,SUCCESS,"2026-03-28 00:46:07"
T806,U12,M6,PayU,1626,SUCCESS,"2026-03-26 13:46:07"
T807,U47,M9,Stripe,1681,SUCCESS,"2026-03-27 16:46:07"
T808,U9,M8,Razorpay,1936,FAILED,"2026-03-26 22:46:07"
T809,U49,M7,Stripe,770,SUCCESS,"2026-03-27 22:46:07"
T810,U24,M7,PayU,1124,SUCCESS,"2026-03-28 00:46:07"
T991,U16,M10,PayU,2015,FAILED,"2026-03-27 17:46:07"
T992,U12,M2,PayU,1737,SUCCESS,"2026-03-27 04:46:07"
T993,U11,M3,Stripe,652,SUCCESS,"2026-03-26 10:46:07"
T994,U12,M2,Razorpay,1600,FAILED,"2026-03-27 07:46:07"
T995,U44,M7,PayU,427,SUCCESS,"2026-03-26 14:46:07"
T996,U35,M8,Stripe,1346,SUCCESS,"2026-03-27 18:46:07"
T997,U14,M5,Stripe,1148,SUCCESS,"2026-03-26 10:46:07"
T998,U21,M1,Razorpay,1869,SUCCESS,"2026-03-27 12:46:07"
T999,U48,M5,Stripe,1263,SUCCESS,"2026-03-26 10:46:07"
T1000,U36,M7,PayU,1760,SUCCESS,"2026-03-28 00:46:07"
T981,U50,M4,PayU,1129,FAILED,"2026-03-27 19:46:07"
T982,U10,M1,Stripe,1938,FAILED,"2026-03-28 01:46:07"
T983,U28,M3,Stripe,821,SUCCESS,"2026-03-26 12:46:07"
T984,U48,M9,Stripe,1098,SUCCESS,"2026-03-26 15:46:07"
T985,U28,M2,Razorpay,313,SUCCESS,"2026-03-27 04:46:07"
T986,U24,M6,Stripe,463,FAILED,"2026-03-27 14:46:07"
T987,U35,M3,PayU,568,SUCCESS,"2026-03-27 06:46:07"
T988,U6,M9,PayU,1337,SUCCESS,"2026-03-27 20:46:07"
T989,U25,M7,PayU,538,SUCCESS,"2026-03-28 02:46:07"
T990,U4,M10,Stripe,417,SUCCESS,"2026-03-26 23:46:07"
T971,U33,M2,Stripe,1861,SUCCESS,"2026-03-27 02:46:07"
T972,U44,M4,Razorpay,727,SUCCESS,"2026-03-27 06:46:07"
T973,U39,M1,Razorpay,1519,FAILED,"2026-03-27 05:46:07"
T974,U8,M10,Razorpay,1106,SUCCESS,"2026-03-28 05:46:07"
T975,U16,M3,Razorpay,1222,SUCCESS,"2026-03-27 06:46:07"
T976,U38,M10,Stripe,462,SUCCESS,"2026-03-26 23:46:07"
T977,U24,M2,Razorpay,2078,SUCCESS,"2026-03-27 04:46:07"
T978,U35,M7,Razorpay,1561,SUCCESS,"2026-03-28 04:46:07"
T979,U39,M6,Razorpay,1158,SUCCESS,"2026-03-27 07:46:07"
T980,U34,M7,Stripe,645,FAILED,"2026-03-26 13:46:07"
T961,U38,M10,PayU,1453,SUCCESS,"2026-03-26 15:46:07"
T962,U44,M7,PayU,427,SUCCESS,"2026-03-26 14:46:07"
T963,U33,M6,PayU,1486,FAILED,"2026-03-28 06:46:07"
T964,U44,M1,PayU,448,SUCCESS,"2026-03-27 12:46:07"
T965,U35,M1,Razorpay,1829,SUCCESS,"2026-03-26 11:46:07"
T966,U38,M8,PayU,685,SUCCESS,"2026-03-27 13:46:07"
T967,U16,M3,Stripe,1463,FAILED,"2026-03-27 15:46:07"
T968,U13,M1,PayU,612,SUCCESS,"2026-03-28 06:46:07"
T969,U44,M1,PayU,1978,SUCCESS,"2026-03-28 05:46:07"
T970,U46,M3,PayU,1726,FAILED,"2026-03-26 20:46:07"
T951,U19,M6,Stripe,926,SUCCESS,"2026-03-26 14:46:07"
T952,U41,M4,Razorpay,1310,SUCCESS,"2026-03-27 18:46:07"
T953,U28,M8,Razorpay,1132,SUCCESS,"2026-03-26 12:46:07"
T954,U25,M6,Razorpay,1196,SUCCESS,"2026-03-27 04:46:07"
T955,U44,M6,Razorpay,176,FAILED,"2026-03-26 21:46:07"
T956,U24,M2,Razorpay,490,SUCCESS,"2026-03-26 22:46:07"
T957,U37,M5,Razorpay,1567,SUCCESS,"2026-03-26 13:46:07"
T958,U41,M2,Stripe,528,SUCCESS,"2026-03-27 17:46:07"
T959,U26,M6,Razorpay,669,FAILED,"2026-03-27 09:46:07"
T960,U46,M1,Stripe,694,SUCCESS,"2026-03-27 22:46:07"
T941,U7,M10,Razorpay,823,SUCCESS,"2026-03-27 06:46:07"
T942,U23,M6,Razorpay,1507,FAILED,"2026-03-26 23:46:07"
T943,U16,M5,Razorpay,683,SUCCESS,"2026-03-26 17:46:07"
T944,U41,M5,Razorpay,1541,SUCCESS,"2026-03-27 21:46:07"
T945,U43,M5,PayU,1255,SUCCESS,"2026-03-26 22:46:07"
T946,U13,M1,Stripe,1357,SUCCESS,"2026-03-26 20:46:07"
T947,U24,M1,PayU,672,SUCCESS,"2026-03-26 17:46:07"
T948,U50,M5,Razorpay,1380,SUCCESS,"2026-03-27 20:46:07"
T949,U23,M4,Stripe,190,SUCCESS,"2026-03-27 18:46:07"
T950,U36,M6,PayU,1103,FAILED,"2026-03-28 02:46:07"
T931,U1,M6,PayU,1050,FAILED,"2026-03-26 17:46:07"
T932,U35,M9,Razorpay,2007,FAILED,"2026-03-27 21:46:07"
T933,U41,M3,PayU,1779,SUCCESS,"2026-03-27 09:46:07"
T934,U19,M3,Razorpay,1276,SUCCESS,"2026-03-27 00:46:07"
T935,U9,M8,Stripe,1321,FAILED,"2026-03-27 05:46:07"
T936,U16,M8,Razorpay,1381,SUCCESS,"2026-03-28 06:46:07"
T937,U38,M6,Stripe,1109,SUCCESS,"2026-03-27 19:46:07"
T938,U43,M4,Razorpay,215,SUCCESS,"2026-03-26 17:46:07"
T939,U23,M7,Razorpay,1319,SUCCESS,"2026-03-27 19:46:07"
T940,U30,M1,Stripe,1035,FAILED,"2026-03-27 16:46:07"
T921,U30,M9,Stripe,379,SUCCESS,"2026-03-26 17:46:07"
T922,U3,M7,Razorpay,1198,FAILED,"2026-03-27 23:46:07"
T923,U41,M4,Stripe,1534,SUCCESS,"2026-03-27 13:46:07"
T924,U30,M8,PayU,1194,SUCCESS,"2026-03-28 07:46:07"
T925,U31,M10,PayU,1423,SUCCESS,"2026-03-28 09:46:07"
T926,U13,M2,Razorpay,1000,SUCCESS,"2026-03-26 15:46:07"
T927,U25,M8,Stripe,1935,SUCCESS,"2026-03-27 15:46:07"
T928,U12,M1,Stripe,547,SUCCESS,"2026-03-26 13:46:07"
T929,U25,M7,PayU,1067,SUCCESS,"2026-03-27 05:46:07"
T930,U35,M8,Stripe,1618,SUCCESS,"2026-03-26 20:46:07"
T911,U46,M2,Razorpay,554,SUCCESS,"2026-03-26 22:46:07"
T912,U31,M9,Stripe,642,SUCCESS,"2026-03-28 01:46:07"
T913,U3,M8,Stripe,591,FAILED,"2026-03-28 02:46:07"
T914,U24,M9,PayU,1680,SUCCESS,"2026-03-27 18:46:07"
T915,U30,M10,Razorpay,188,SUCCESS,"2026-03-26 16:46:07"
T916,U29,M2,Razorpay,1368,SUCCESS,"2026-03-27 14:46:07"
T917,U31,M9,Stripe,1473,SUCCESS,"2026-03-27 17:46:07"
T918,U24,M4,Razorpay,1306,SUCCESS,"2026-03-27 20:46:07"
T919,U19,M1,Razorpay,131,SUCCESS,"2026-03-28 09:46:07"
T920,U2,M2,Stripe,142,SUCCESS,"2026-03-27 15:46:07"
T901,U44,M2,Razorpay,1747,SUCCESS,"2026-03-28 06:46:07"
T902,U24,M1,PayU,1241,FAILED,"2026-03-27 22:46:07"
T903,U12,M5,Stripe,674,FAILED,"2026-03-27 12:46:07"
T904,U34,M10,PayU,1631,FAILED,"2026-03-27 03:46:07"
T905,U10,M1,Stripe,2027,FAILED,"2026-03-28 08:46:07"
T906,U9,M8,Razorpay,598,SUCCESS,"2026-03-26 15:46:07"
T907,U24,M7,PayU,1997,SUCCESS,"2026-03-26 15:46:07"
T908,U9,M2,Stripe,1811,FAILED,"2026-03-27 11:46:07"
T909,U46,M2,PayU,1903,FAILED,"2026-03-28 02:46:07"
T910,U43,M8,Razorpay,657,SUCCESS,"2026-03-27 16:46:07"
